Ajaccio,Dijon,0,0,,,,2.84,3.1,2.97,2,,,,,,,,,,,,,,,,31/07/15,,,,,,,2.68,,2.9,,2.76
Auxerre,Brest,0,0,,,,2.46,3.01,3.56,2,,,,,,,,,,,,,,,,31/07/15,,,,,,,2.37,,2.88,,3.22
BourgPeronnas,LeHavre,1,3,,,,2.65,3.1,3.15,3,,,,,,,,,,,,,,,,31/07/15,,,,,,,2.51,,2.95,,2.92
Clermont,Sochaux,0,0,,,,2.64,3.1,3.22,2,,,,,,,,,,,,,,,,31/07/15,,,,,,,2.5,,2.91,,2.96
Nimes,ETG,0,0,,,,2.75,3.18,2.91,2,,,,,,,,,,,,,,,,31/07/15,,,,,,,2.57,,3,,2.78
Niort,Valenciennes,0,1,,,,1.91,3.4,5.02,3,,,,,,,,,,,,,,,,31/07/15,,,,,,,1.83,,3.25,,4.48
ParisFC,Laval,1,1,,,,2.2,3.06,4.4,2,,,,,,,,,,,,,,,,31/07/15,,,,,,,2.1,,2.92,,3.84
RedStar,Creteil,0,1,,,,2.25,3.3,3.76,3,,,,,,,,,,,,,,,,31/07/15,,,,,,,2.14,,3.09,,3.46
Metz,Lens,0,0,,,,2.07,3.25,4.45,2,,,,,,,,,,,,,,,,01/08/15,,,,,,,2.01,,3.1,,3.86
Nancy,Tours,0,0,,,,1.85,3.5,5.6,2,,,,,,,,,,,,,,,,03/08/15,,,,,,,1.78,,3.27,,4.72
Brest,Nimes,2,0,,,,1.8,3.53,6.71,1,,,,,,,,,,,,,,,,07/08/15,,,,,,,1.68,,3.32,,5.57
Creteil,BourgPeronnas,2,1,,,,2.2,3.33,3.99,1,,,,,,,,,,,,,,,,07/08/15,,,,,,,2.08,,3.14,,3.59
Dijon,Niort,3,0,,,,2.06,3.2,4.54,1,,,,,,,,,,,,,,,,07/08/15,,,,,,,1.99,,3.04,,4.03
ETG,Clermont,2,2,,,,2.37,3.1,3.83,2,,,,,,,,,,,,,,,,07/08/15,,,,,,,2.24,,2.98,,3.4
Laval,Nancy,0,1,,,,3.1,3.1,2.72,3,,,,,,,,,,,,,,,,07/08/15,,,,,,,2.93,,2.9,,2.55
LeHavre,Ajaccio,1,0,,,,1.88,3.34,5.4,1,,,,,,,,,,,,,,,,07/08/15,,,,,,,1.82,,3.17,,4.68
Sochaux,Metz,0,1,,,,2.55,3.03,3.4,3,,,,,,,,,,,,,,,,07/08/15,,,,,,,2.45,,2.9,,3.08
Tours,ParisFC,0,0,,,,2.66,3.15,3.13,2,,,,,,,,,,,,,,,,07/08/15,,,,,,,2.5,,2.96,,2.94
Valenciennes,Auxerre,0,0,,,,2.54,3.1,3.35,2,,,,,,,,,,,,,,,,07/08/15,,,,,,,2.4,,2.95,,3.09
Lens,RedStar,1,1,,,,2.32,3.2,3.62,2,,,,,,,,,,,,,,,,08/08/15,,,,,,,2.2,,3.07,,3.37
Ajaccio,ETG,1,1,,,,2.6,3,3.5,2,,,,,,,,,,,,,,,,14/08/15,,,,,,,2.42,,2.87,,3.16
Auxerre,Laval,2,3,,,,2.02,3.2,5.01,3,,,,,,,,,,,,,,,,14/08/15,,,,,,,1.95,,3.01,,4.28
BourgPeronnas,Dijon,2,1,,,,3.2,3.1,2.62,1,,,,,,,,,,,,,,,,14/08/15,,,,,,,2.95,,2.96,,2.49
Clermont,Nimes,1,0,,,,1.8,3.5,6.13,1,,,,,,,,,,,,,,,,14/08/15,,,,,,,1.72,,3.3,,5.19
Lens,Creteil,1,1,,,,2.25,3.2,3.98,2,,,,,,,,,,,,,,,,14/08/15,,,,,,,2.16,,3.03,,3.5
Niort,Sochaux,1,1,,,,2.6,3.1,3.35,2,,,,,,,,,,,,,,,,14/08/15,,,,,,,2.46,,2.9,,3.04
ParisFC,LeHavre,3,0,,,,2.45,3.04,3.65,1,,,,,,,,,,,,,,,,14/08/15,,,,,,,2.31,,2.91,,3.31
RedStar,Tours,1,1,,,,2.1,3.3,4.35,2,,,,,,,,,,,,,,,,14/08/15,,,,,,,2,,3.13,,3.88
Nancy,Brest,3,0,,,,2.15,3.15,4.5,1,,,,,,,,,,,,,,,,15/08/15,,,,,,,2.06,,2.97,,3.87
Metz,Valenciennes,2,0,,,,1.9,3.33,6.07,1,,,,,,,,,,,,,,,,17/08/15,,,,,,,1.78,,3.15,,5.03
Brest,Ajaccio,1,0,,,,1.91,3.2,5.6,1,,,,,,,,,,,,,,,,21/08/15,,,,,,,1.83,,3.06,,4.96
Creteil,Metz,1,2,,,,2.92,3,2.96,3,,,,,,,,,,,,,,,,21/08/15,,,,,,,2.69,,2.89,,2.77
Dijon,Lens,2,0,,,,1.9,3.33,5.4,1,,,,,,,,,,,,,,,,21/08/15,,,,,,,1.82,,3.21,,4.62
ETG,Niort,0,0,,,,2.19,3.23,3.99,2,,,,,,,,,,,,,,,,21/08/15,,,,,,,2.11,,3.06,,3.62
Laval,RedStar,2,1,,,,2.53,3,3.6,1,,,,,,,,,,,,,,,,21/08/15,,,,,,,2.38,,2.89,,3.21
LeHavre,Clermont,0,1,,,,2.25,3.1,3.99,3,,,,,,,,,,,,,,,,21/08/15,,,,,,,2.17,,2.98,,3.55
Sochaux,ParisFC,1,1,,,,2.07,3.15,4.75,2,,,,,,,,,,,,,,,,21/08/15,,,,,,,1.98,,3,,4.2
Tours,Auxerre,3,1,,,,2.5,3.19,3.3,1,,,,,,,,,,,,,,,,21/08/15,,,,,,,2.38,,3.01,,3.06
Valenciennes,BourgPeronnas,1,1,,,,2.55,3.11,3.4,2,,,,,,,,,,,,,,,,21/08/15,,,,,,,2.39,,2.98,,3.09
Nimes,Nancy,2,2,,,,4.33,3.25,2.09,2,,,,,,,,,,,,,,,,22/08/15,,,,,,,3.93,,3.08,,1.99
Ajaccio,Tours,1,2,,,,2.3,3.11,4.04,3,,,,,,,,,,,,,,,,28/08/15,,,,,,,2.15,,2.97,,3.63
Auxerre,Nimes,1,0,,,,1.92,3.3,5.16,1,,,,,,,,,,,,,,,,28/08/15,,,,,,,1.83,,3.19,,4.57
BourgPeronnas,Sochaux,2,1,,,,2.95,3,2.95,1,,,,,,,,,,,,,,,,28/08/15,,,,,,,2.72,,2.85,,2.78
Clermont,Nancy,1,2,,,,2.88,2.96,3,3,,,,,,,,,,,,,,,,28/08/15,,,,,,,2.66,,2.87,,2.83
Dijon,Creteil,4,1,,,,1.7,3.63,6.2,1,,,,,,,,,,,,,,,,28/08/15,,,,,,,1.66,,3.46,,5.38
Niort,Laval,0,1,,,,2.35,3.05,3.92,3,,,,,,,,,,,,,,,,28/08/15,,,,,,,2.21,,2.92,,3.54
ParisFC,Brest,1,1,,,,2.53,2.95,3.6,2,,,,,,,,,,,,,,,,28/08/15,,,,,,,2.38,,2.83,,3.29
RedStar,Valenciennes,1,5,,,,2.1,3.2,4.65,3,,,,,,,,,,,,,,,,28/08/15,,,,,,,1.99,,3.04,,4.07
Metz,ETG,2,1,,,,1.9,3.4,5.45,1,,,,,,,,,,,,,,,,29/08/15,,,,,,,1.79,,3.22,,4.74
Lens,LeHavre,0,4,,,,2.53,3.09,3.38,3,,,,,,,,,,,,,,,,31/08/15,,,,,,,2.43,,2.92,,3.06
Clermont,ParisFC,1,1,,,,2.4,3.03,3.7,2,,,,,,,,,,,,,,,,11/09/15,,,,,,,2.28,,2.9,,3.41
ETG,Auxerre,4,0,,,,2.55,3.03,3.5,1,,,,,,,,,,,,,,,,11/09/15,,,,,,,2.37,,2.91,,3.22
Laval,Metz,0,1,,,,2.6,2.94,3.46,3,,,,,,,,,,,,,,,,11/09/15,,,,,,,2.45,,2.84,,3.16
LeHavre,RedStar,0,2,,,,2.01,3.3,5,3,,,,,,,,,,,,,,,,11/09/15,,,,,,,1.92,,3.14,,4.27
Nancy,Niort,1,1,,,,1.6,4.05,7.67,2,,,,,,,,,,,,,,,,11/09/15,,,,,,,1.51,,3.78,,6.81
Nimes,Ajaccio,0,0,,,,2.53,3.05,3.38,2,,,,,,,,,,,,,,,,11/09/15,,,,,,,2.42,,2.93,,3.11
Sochaux,Creteil,0,3,,,,1.98,3.35,4.76,3,,,,,,,,,,,,,,,,11/09/15,,,,,,,1.89,,3.22,,4.22
Tours,BourgPeronnas,0,1,,,,2.38,3.25,3.5,3,,,,,,,,,,,,,,,,11/09/15,,,,,,,2.26,,3.05,,3.27
Valenciennes,Dijon,1,3,,,,3.33,3.2,2.48,3,,,,,,,,,,,,,,,,12/09/15,,,,,,,3.11,,3.05,,2.34
Brest,Lens,2,1,,,,1.93,3.3,5.25,1,,,,,,,,,,,,,,,,14/09/15,,,,,,,1.85,,3.09,,4.64
Ajaccio,Laval,0,0,,,,2.54,3,3.51,2,,,,,,,,,,,,,,,,18/09/15,,,,,,,2.39,,2.87,,3.25
Auxerre,Clermont,1,0,,,,2.24,3.2,4,1,,,,,,,,,,,,,,,,18/09/15,,,,,,,2.11,,3.02,,3.68
BourgPeronnas,Brest,3,1,,,,2.56,3.11,3.29,1,,,,,,,,,,,,,,,,18/09/15,,,,,,,2.44,,2.96,,3.04
Creteil,Valenciennes,0,1,,,,2.25,3.18,3.88,3,,,,,,,,,,,,,,,,18/09/15,,,,,,,2.15,,3.06,,3.53
Dijon,LeHavre,2,1,,,,1.87,3.35,5.44,1,,,,,,,,,,,,,,,,18/09/15,,,,,,,1.83,,3.22,,4.62
Lens,Tours,1,1,,,,2.21,3.26,3.9,2,,,,,,,,,,,,,,,,18/09/15,,,,,,,2.13,,3.07,,3.55
Metz,Nancy,0,0,,,,3.08,2.95,2.86,2,,,,,,,,,,,,,,,,18/09/15,,,,,,,2.87,,2.84,,2.65
Niort,Nimes,1,0,,,,2.1,3.3,4.3,1,,,,,,,,,,,,,,,,18/09/15,,,,,,,2.02,,3.13,,3.81
RedStar,Sochaux,0,0,,,,2.37,3.1,3.72,2,,,,,,,,,,,,,,,,18/09/15,,,,,,,2.25,,2.97,,3.38
ParisFC,ETG,0,0,,,,2.2,3.1,4.17,2,,,,,,,,,,,,,,,,19/09/15,,,,,,,2.11,,2.97,,3.72
Valenciennes,Lens,0,1,,,,2.62,3.2,3.25,3,,,,,,,,,,,,,,,,21/09/15,,,,,,,2.44,,2.94,,3.03
Brest,Niort,1,1,,,,2.03,3.23,4.76,2,,,,,,,,,,,,,,,,22/09/15,,,,,,,1.93,,3.07,,4.24
Clermont,Ajaccio,2,1,,,,2,3.05,5.3,1,,,,,,,,,,,,,,,,22/09/15,,,,,,,1.95,,2.95,,4.42
ETG,RedStar,0,1,,,,2.43,3.13,3.58,3,,,,,,,,,,,,,,,,22/09/15,,,,,,,2.31,,2.99,,3.21
Laval,BourgPeronnas,1,3,,,,2.41,3.05,3.6,3,,,,,,,,,,,,,,,,22/09/15,,,,,,,2.29,,2.92,,3.33
LeHavre,Metz,1,1,,,,2.4,3.17,4.01,2,,,,,,,,,,,,,,,,22/09/15,,,,,,,2.15,,2.99,,3.58
Nancy,Auxerre,0,1,,,,1.75,3.5,7.33,3,,,,,,,,,,,,,,,,22/09/15,,,,,,,1.65,,3.33,,5.87
Nimes,ParisFC,1,1,,,,2.93,2.99,2.9,2,,,,,,,,,,,,,,,,22/09/15,,,,,,,2.76,,2.86,,2.72
Sochaux,Dijon,0,1,,,,3.09,3.11,2.7,3,,,,,,,,,,,,,,,,22/09/15,,,,,,,2.85,,2.94,,2.58
Tours,Creteil,1,2,,,,2.3,3.29,3.8,3,,,,,,,,,,,,,,,,22/09/15,,,,,,,2.16,,3.1,,3.4
Ajaccio,Auxerre,1,0,,,,2.55,2.95,3.52,1,,,,,,,,,,,,,,,,25/09/15,,,,,,,2.43,,2.82,,3.22
BourgPeronnas,ETG,0,2,,,,2.38,3.13,3.75,3,,,,,,,,,,,,,,,,25/09/15,,,,,,,2.23,,2.98,,3.39
Creteil,LeHavre,2,1,,,,2.75,3.13,3,1,,,,,,,,,,,,,,,,25/09/15,,,,,,,2.56,,2.97,,2.85
Lens,Sochaux,1,0,,,,2.45,3,3.73,1,,,,,,,,,,,,,,,,25/09/15,,,,,,,2.29,,2.89,,3.39
Metz,Nimes,1,2,,,,1.8,3.64,5.52,3,,,,,,,,,,,,,,,,25/09/15,,,,,,,1.72,,3.4,,4.95
Niort,Clermont,1,1,,,,2.72,3.06,3.22,2,,,,,,,,,,,,,,,,25/09/15,,,,,,,2.51,,2.92,,2.97
RedStar,Brest,1,0,,,,2.22,3.05,4.18,1,,,,,,,,,,,,,,,,25/09/15,,,,,,,2.12,,2.93,,3.8
Valenciennes,Tours,0,0,,,,2.6,3.1,3.3,2,,,,,,,,,,,,,,,,25/09/15,,,,,,,2.45,,2.94,,3.04
Dijon,Laval,2,0,,,,1.68,3.6,7.06,1,,,,,,,,,,,,,,,,26/09/15,,,,,,,1.62,,3.39,,6.01
ParisFC,Nancy,1,1,,,,3.52,2.95,2.55,2,,,,,,,,,,,,,,,,28/09/15,,,,,,,3.18,,2.84,,2.41
Auxerre,ParisFC,2,0,,,,2.2,3.1,4.5,1,,,,,,,,,,,,,,,,02/10/15,,,,,,,2.06,,2.95,,3.98
Clermont,BourgPeronnas,3,2,,,,2.3,3.18,3.9,1,,,,,,,,,,,,,,,,02/10/15,,,,,,,2.17,,3.04,,3.49
ETG,Lens,2,1,,,,2.28,3.1,3.85,1,,,,,,,,,,,,,,,,02/10/15,,,,,,,2.19,,2.98,,3.5
Laval,Creteil,3,2,,,,2.18,3.3,4.01,1,,,,,,,,,,,,,,,,02/10/15,,,,,,,2.09,,3.1,,3.64
LeHavre,Niort,0,0,,,,1.95,3.25,5.2,2,,,,,,,,,,,,,,,,02/10/15,,,,,,,1.87,,3.1,,4.51
Nancy,Ajaccio,3,0,,,,1.68,3.7,7.5,1,,,,,,,,,,,,,,,,02/10/15,,,,,,,1.61,,3.5,,5.97
Nimes,RedStar,1,1,,,,2.7,3.1,3.25,2,,,,,,,,,,,,,,,,02/10/15,,,,,,,2.5,,2.96,,2.94
Sochaux,Valenciennes,1,0,,,,2.06,3.2,4.75,1,,,,,,,,,,,,,,,,02/10/15,,,,,,,1.97,,3,,4.23
Brest,Metz,1,1,,,,2.46,3.1,3.55,2,,,,,,,,,,,,,,,,03/10/15,,,,,,,2.34,,2.91,,3.24
Tours,Dijon,1,0,,,,3.41,3.1,2.49,1,,,,,,,,,,,,,,,,05/10/15,,,,,,,3.11,,2.98,,2.36
BourgPeronnas,Nimes,4,2,,,,2.14,3.35,4.2,1,,,,,,,,,,,,,,,,16/10/15,,,,,,,2.02,,3.19,,3.74
Creteil,Brest,0,2,,,,2.49,3.2,3.3,3,,,,,,,,,,,,,,,,16/10/15,,,,,,,2.35,,3.04,,3.1
Metz,Clermont,2,2,,,,2.32,3.19,3.7,2,,,,,,,,,,,,,,,,16/10/15,,,,,,,2.19,,3.03,,3.43
Niort,Auxerre,2,3,,,,2.68,2.95,3.3,3,,,,,,,,,,,,,,,,16/10/15,,,,,,,2.53,,2.84,,3.05
ParisFC,Ajaccio,0,0,,,,2.52,3,3.6,2,,,,,,,,,,,,,,,,16/10/15,,,,,,,2.39,,2.87,,3.23
RedStar,Nancy,0,1,,,,3.7,3.06,2.5,3,,,,,,,,,,,,,,,,16/10/15,,,,,,,3.35,,2.92,,2.3
Sochaux,Tours,0,0,,,,2.38,3.1,3.9,2,,,,,,,,,,,,,,,,16/10/15,,,,,,,2.21,,2.98,,3.5
Valenciennes,LeHavre,0,1,,,,2.94,3.16,2.8,3,,,,,,,,,,,,,,,,16/10/15,,,,,,,2.78,,2.96,,2.63
Dijon,ETG,1,3,,,,1.78,3.5,5.85,3,,,,,,,,,,,,,,,,17/10/15,,,,,,,1.71,,3.36,,5.08
Lens,Laval,1,1,,,,2.28,3.1,4,2,,,,,,,,,,,,,,,,19/10/15,,,,,,,2.16,,3,,3.52
Ajaccio,Metz,0,1,,,,2.6,3.02,3.39,3,,,,,,,,,,,,,,,,23/10/15,,,,,,,2.43,,2.93,,3.11
Auxerre,RedStar,0,1,,,,2.21,3.1,4.22,3,,,,,,,,,,,,,,,,23/10/15,,,,,,,2.11,,2.96,,3.8
Brest,Valenciennes,1,2,,,,1.9,3.38,5.25,3,,,,,,,,,,,,,,,,23/10/15,,,,,,,1.83,,3.18,,4.69
ETG,Creteil,1,2,,,,2,3.45,4.42,3,,,,,,,,,,,,,,,,23/10/15,,,,,,,1.92,,3.26,,4.02
Laval,Tours,1,1,,,,2.54,3,3.5,2,,,,,,,,,,,,,,,,23/10/15,,,,,,,2.4,,2.89,,3.18
LeHavre,Sochaux,2,1,,,,2.1,3.1,4.8,1,,,,,,,,,,,,,,,,23/10/15,,,,,,,2,,3,,4.15
Nancy,BourgPeronnas,3,1,,,,1.7,3.82,7.2,1,,,,,,,,,,,,,,,,23/10/15,,,,,,,1.58,,3.59,,6.06
ParisFC,Niort,1,1,,,,2.49,2.95,3.54,2,,,,,,,,,,,,,,,,23/10/15,,,,,,,2.37,,2.86,,3.28
Nimes,Dijon,1,1,,,,3.94,3.1,2.31,2,,,,,,,,,,,,,,,,24/10/15,,,,,,,3.52,,2.96,,2.19
Clermont,Lens,2,2,,,,2.26,3.2,3.88,2,,,,,,,,,,,,,,,,26/10/15,,,,,,,2.16,,3.03,,3.47
Creteil,Nimes,1,2,,,,2.2,3.33,3.91,3,,,,,,,,,,,,,,,,30/10/15,,,,,,,2.11,,3.11,,3.57
Metz,ParisFC,2,1,,,,2.01,3.2,5.01,1,,,,,,,,,,,,,,,,30/10/15,,,,,,,1.91,,3.04,,4.48
Niort,Ajaccio,3,1,,,,2.31,3.14,3.75,1,,,,,,,,,,,,,,,,30/10/15,,,,,,,2.23,,2.98,,3.42
RedStar,Clermont,2,1,,,,2.6,3.06,3.3,1,,,,,,,,,,,,,,,,30/10/15,,,,,,,2.44,,2.94,,3.06
Sochaux,ETG,1,0,,,,2.4,3.1,4,1,,,,,,,,,,,,,,,,30/10/15,,,,,,,2.17,,2.98,,3.59
Tours,LeHavre,0,1,,,,2.63,3.05,3.3,3,,,,,,,,,,,,,,,,30/10/15,,,,,,,2.48,,2.92,,3.01
Valenciennes,Laval,0,0,,,,2.55,3.02,3.5,2,,,,,,,,,,,,,,,,30/10/15,,,,,,,2.43,,2.93,,3.09
BourgPeronnas,Auxerre,1,1,,,,2.55,3.1,3.35,2,,,,,,,,,,,,,,,,31/10/15,,,,,,,2.42,,2.98,,3.03
Dijon,Brest,3,1,,,,1.99,3.4,4.75,1,,,,,,,,,,,,,,,,31/10/15,,,,,,,1.89,,3.18,,4.28
Lens,Nancy,1,0,,,,3.66,3.05,2.5,1,,,,,,,,,,,,,,,,02/11/15,,,,,,,3.25,,2.89,,2.35
Ajaccio,BourgPeronnas,2,0,,,,2.65,3.11,3.11,1,,,,,,,,,,,,,,,,06/11/15,,,,,,,2.47,,2.98,,2.96
Auxerre,Lens,1,2,,,,2.3,3.1,3.82,3,,,,,,,,,,,,,,,,06/11/15,,,,,,,2.22,,2.97,,3.46
Brest,Tours,3,0,,,,2.61,3,3.48,1,,,,,,,,,,,,,,,,06/11/15,,,,,,,2.43,,2.93,,3.08
Clermont,Creteil,1,0,,,,2,3.55,4.76,1,,,,,,,,,,,,,,,,06/11/15,,,,,,,1.87,,3.31,,4.18
ETG,Valenciennes,4,0,,,,2.1,3.1,4.57,1,,,,,,,,,,,,,,,,06/11/15,,,,,,,2.01,,3,,4.07
Laval,LeHavre,0,1,,,,2.88,2.95,3.03,3,,,,,,,,,,,,,,,,06/11/15,,,,,,,2.69,,2.84,,2.83
Nimes,Sochaux,0,2,,,,2.76,3,3.07,3,,,,,,,,,,,,,,,,06/11/15,,,,,,,2.59,,2.87,,2.91
Niort,Metz,1,1,,,,2.79,3.05,3.15,2,,,,,,,,,,,,,,,,06/11/15,,,,,,,2.57,,2.93,,2.88
ParisFC,RedStar,0,1,,,,2.85,3,3.08,3,,,,,,,,,,,,,,,,07/11/15,,,,,,,2.65,,2.84,,2.85
Nancy,Dijon,3,1,,,,2.1,3.2,4.49,1,,,,,,,,,,,,,,,,09/11/15,,,,,,,2.02,,3.04,,3.92
Creteil,Nancy,0,3,,,,4.7,3.3,2.05,3,,,,,,,,,,,,,,,,20/11/15,,,,,,,4.08,,3.17,,1.95
Dijon,Clermont,4,1,,,,2,3.51,4.5,1,,,,,,,,,,,,,,,,20/11/15,,,,,,,1.91,,3.33,,3.97
Tours,ETG,2,1,,,,2.32,3.1,3.75,1,,,,,,,,,,,,,,,,20/11/15,,,,,,,2.23,,2.96,,3.43
Metz,Auxerre,0,1,,,,2.32,3.2,3.8,3,,,,,,,,,,,,,,,,21/11/15,,,,,,,2.19,,3.03,,3.41
LeHavre,Brest,0,0,,,,2.29,3.2,4,2,,,,,,,,,,,,,,,,23/11/15,,,,,,,2.15,,3,,3.56
BourgPeronnas,ParisFC,4,1,,,,2.19,3.2,4.18,1,,,,,,,,,,,,,,,,24/11/15,,,,,,,2.1,,3.02,,3.71
Lens,Niort,1,1,,,,2.09,3.15,4.57,2,,,,,,,,,,,,,,,,24/11/15,,,,,,,2.01,,3.04,,3.97
RedStar,Ajaccio,1,1,,,,2.17,3.1,4.36,2,,,,,,,,,,,,,,,,24/11/15,,,,,,,2.07,,2.97,,3.86
Sochaux,Laval,0,0,,,,2.19,3.05,4.33,2,,,,,,,,,,,,,,,,24/11/15,,,,,,,2.07,,2.94,,3.9
Valenciennes,Nimes,2,2,,,,2.28,3.2,3.75,2,,,,,,,,,,,,,,,,24/11/15,,,,,,,2.18,,3.04,,3.43
Ajaccio,Lens,1,1,,,,2.88,3.05,3,2,,,,,,,,,,,,,,,,27/11/15,,,,,,,2.64,,2.9,,2.82
Auxerre,Creteil,3,1,,,,1.91,3.4,4.99,1,,,,,,,,,,,,,,,,27/11/15,,,,,,,1.84,,3.25,,4.42
Brest,Sochaux,1,0,,,,2.32,3.1,3.9,1,,,,,,,,,,,,,,,,27/11/15,,,,,,,2.19,,2.96,,3.54
Clermont,Valenciennes,2,0,,,,1.95,3.39,5,1,,,,,,,,,,,,,,,,27/11/15,,,,,,,1.87,,3.21,,4.32
ETG,Laval,0,0,,,,2.05,3.15,4.75,2,,,,,,,,,,,,,,,,27/11/15,,,,,,,1.98,,3.02,,4.15
Metz,BourgPeronnas,5,0,,,,2.1,3.36,4.1,1,,,,,,,,,,,,,,,,27/11/15,,,,,,,2.02,,3.15,,3.78
Nimes,Tours,2,1,,,,2.92,3.1,2.85,1,,,,,,,,,,,,,,,,27/11/15,,,,,,,2.73,,2.95,,2.69
Niort,RedStar,0,0,,,,2.45,3.07,3.5,2,,,,,,,,,,,,,,,,27/11/15,,,,,,,2.36,,2.93,,3.19
ParisFC,Dijon,0,3,,,,4.82,3.24,2,3,,,,,,,,,,,,,,,,27/11/15,,,,,,,4.21,,3.11,,1.93
Nancy,LeHavre,3,1,,,,1.8,3.5,5.72,1,,,,,,,,,,,,,,,,28/11/15,,,,,,,1.72,,3.33,,5.05
Lens,Nimes,1,0,,,,1.83,3.51,5.36,1,,,,,,,,,,,,,,,,30/11/15,,,,,,,1.77,,3.3,,4.77
BourgPeronnas,Niort,2,1,,,,2.4,3.27,3.4,1,,,,,,,,,,,,,,,,01/12/15,,,,,,,2.29,,3.09,,3.15
Creteil,ParisFC,0,0,,,,2.15,3.25,4.04,2,,,,,,,,,,,,,,,,01/12/15,,,,,,,2.06,,3.13,,3.7
Dijon,Auxerre,0,0,,,,1.75,3.72,6.12,2,,,,,,,,,,,,,,,,01/12/15,,,,,,,1.68,,3.47,,5.24
Laval,Brest,2,0,,,,2.62,3.01,3.33,1,,,,,,,,,,,,,,,,01/12/15,,,,,,,2.48,,2.88,,3.05
LeHavre,ETG,3,2,,,,2.2,3.13,4.2,1,,,,,,,,,,,,,,,,01/12/15,,,,,,,2.09,,2.99,,3.77
RedStar,Metz,3,1,,,,2.71,3.06,3.1,1,,,,,,,,,,,,,,,,01/12/15,,,,,,,2.53,,2.94,,2.92
Sochaux,Nancy,2,2,,,,4.4,3.18,2.15,2,,,,,,,,,,,,,,,,01/12/15,,,,,,,3.86,,2.99,,2.06
Tours,Clermont,1,1,,,,2.5,3.17,3.36,2,,,,,,,,,,,,,,,,01/12/15,,,,,,,2.37,,3.02,,3.08
Valenciennes,Ajaccio,1,1,,,,2.51,3,3.52,2,,,,,,,,,,,,,,,,01/12/15,,,,,,,2.4,,2.88,,3.19
Ajaccio,Creteil,3,0,,,,2.22,3.25,4.33,1,,,,,,,,,,,,,,,,11/12/15,,,,,,,2.04,,3.06,,3.85
Auxerre,Sochaux,2,1,,,,2.45,3,3.64,1,,,,,,,,,,,,,,,,11/12/15,,,,,,,2.34,,2.9,,3.3
BourgPeronnas,RedStar,0,1,,,,2.7,3.15,3.3,3,,,,,,,,,,,,,,,,11/12/15,,,,,,,2.52,,3.03,,2.87
Clermont,Laval,4,1,,,,2.2,3.23,4.12,1,,,,,,,,,,,,,,,,11/12/15,,,,,,,2.07,,3.07,,3.75
ETG,Brest,0,2,,,,2.36,3.12,3.8,3,,,,,,,,,,,,,,,,11/12/15,,,,,,,2.23,,2.97,,3.44
Nimes,LeHavre,2,2,,,,2.96,3.2,3.1,2,,,,,,,,,,,,,,,,11/12/15,,,,,,,2.5,,3.04,,2.88
Niort,Tours,0,0,,,,2.55,3.1,3.29,2,,,,,,,,,,,,,,,,11/12/15,,,,,,,2.42,,2.96,,3.07
ParisFC,Lens,0,1,,,,3.8,3.06,2.5,3,,,,,,,,,,,,,,,,11/12/15,,,,,,,3.37,,2.92,,2.29
Metz,Dijon,1,2,,,,2.78,3.17,2.88,3,,,,,,,,,,,,,,,,12/12/15,,,,,,,2.63,,3.03,,2.73
Nancy,Valenciennes,1,0,,,,1.5,4.3,8.5,1,,,,,,,,,,,,,,,,14/12/15,,,,,,,1.46,,4.03,,7.01
ETG,Nancy,0,1,,,,4,3.21,2.2,3,,,,,,,,,,,,,,,,17/12/15,,,,,,,3.55,,3.06,,2.13
Brest,Clermont,1,2,,,,2.43,3.15,3.48,3,,,,,,,,,,,,,,,,18/12/15,,,,,,,2.3,,3.03,,3.21
Creteil,Niort,2,3,,,,2.79,3.2,2.96,3,,,,,,,,,,,,,,,,18/12/15,,,,,,,2.6,,3.03,,2.77
Dijon,RedStar,0,0,,,,2.03,3.45,4.7,2,,,,,,,,,,,,,,,,18/12/15,,,,,,,1.96,,3.17,,4.01
Laval,Nimes,3,2,,,,2.25,3.21,3.79,1,,,,,,,,,,,,,,,,18/12/15,,,,,,,2.15,,3.09,,3.47
LeHavre,Auxerre,1,0,,,,2.37,3.16,3.6,1,,,,,,,,,,,,,,,,18/12/15,,,,,,,2.23,,3.04,,3.34
Sochaux,Ajaccio,3,0,,,,2.21,3.05,4.5,1,,,,,,,,,,,,,,,,18/12/15,,,,,,,2.1,,2.89,,3.94
Valenciennes,ParisFC,1,1,,,,2.12,3.11,4.46,2,,,,,,,,,,,,,,,,18/12/15,,,,,,,2.05,,2.99,,3.93
Lens,BourgPeronnas,2,0,,,,1.9,3.5,5,1,,,,,,,,,,,,,,,,19/12/15,,,,,,,1.81,,3.33,,4.4
Tours,Metz,2,0,,,,2.55,3.2,3.23,1,,,,,,,,,,,,,,,,19/12/15,,,,,,,2.39,,3.03,,3.01
Ajaccio,LeHavre,1,1,,,,2.69,3.06,3.2,2,,,,,,,,,,,,,,,,08/01/16,,,,,,,2.52,,2.92,,2.95
Auxerre,Valenciennes,1,1,,,,1.9,3.4,5.5,2,,,,,,,,,,,,,,,,08/01/16,,,,,,,1.8,,3.25,,4.71
BourgPeronnas,Creteil,5,1,,,,2,3.55,4.61,1,,,,,,,,,,,,,,,,08/01/16,,,,,,,1.88,,3.34,,4.05
Clermont,ETG,4,1,,,,2.1,3.27,4.33,1,,,,,,,,,,,,,,,,08/01/16,,,,,,,1.98,,3.14,,3.94
Nancy,Laval,1,0,,,,1.5,4.4,10,1,,,,,,,,,,,,,,,,08/01/16,,,,,,,1.41,,4.05,,8.45
Nimes,Brest,2,0,,,,2.57,3.18,3.2,1,,,,,,,,,,,,,,,,08/01/16,,,,,,,2.45,,3,,2.97
Niort,Dijon,2,2,,,,3.2,3.1,2.65,2,,,,,,,,,,,,,,,,08/01/16,,,,,,,2.9,,2.98,,2.51
ParisFC,Tours,1,3,,,,3.21,2.91,2.75,3,,,,,,,,,,,,,,,,08/01/16,,,,,,,2.97,,2.83,,2.59
RedStar,Lens,1,2,,,,2.52,3,3.5,3,,,,,,,,,,,,,,,,09/01/16,,,,,,,2.35,,2.89,,3.24
Metz,Sochaux,1,0,,,,2.29,3.15,3.82,1,,,,,,,,,,,,,,,,11/01/16,,,,,,,2.18,,2.98,,3.52
Creteil,Lens,1,1,,,,3.8,3.31,2.21,2,,,,,,,,,,,,,,,,15/01/16,,,,,,,3.53,,3.11,,2.13
Dijon,BourgPeronnas,3,0,,,,1.75,3.87,5.75,1,,,,,,,,,,,,,,,,15/01/16,,,,,,,1.68,,3.6,,4.98
ETG,Ajaccio,0,2,,,,2.34,3.07,3.77,3,,,,,,,,,,,,,,,,15/01/16,,,,,,,2.22,,2.93,,3.54
Laval,Auxerre,4,1,,,,2.88,2.95,2.99,1,,,,,,,,,,,,,,,,15/01/16,,,,,,,2.72,,2.86,,2.8
LeHavre,ParisFC,2,1,,,,1.67,3.68,7,1,,,,,,,,,,,,,,,,15/01/16,,,,,,,1.61,,3.45,,6.12
Nimes,Clermont,6,2,,,,2.52,3.39,3.1,1,,,,,,,,,,,,,,,,15/01/16,,,,,,,2.39,,3.2,,2.9
Sochaux,Niort,2,3,,,,2.39,3.1,3.65,3,,,,,,,,,,,,,,,,15/01/16,,,,,,,2.29,,2.93,,3.35
Tours,RedStar,0,0,,,,2.35,3.19,3.63,2,,,,,,,,,,,,,,,,15/01/16,,,,,,,2.25,,3,,3.36
Brest,Nancy,1,1,,,,4.8,3.2,2.1,2,,,,,,,,,,,,,,,,16/01/16,,,,,,,4.18,,3.06,,1.96
Valenciennes,Metz,2,1,,,,3.13,3.05,2.7,1,,,,,,,,,,,,,,,,18/01/16,,,,,,,2.89,,2.92,,2.57
Auxerre,Tours,2,1,,,,2.36,3.2,3.7,1,,,,,,,,,,,,,,,,22/01/16,,,,,,,2.24,,3.02,,3.32
BourgPeronnas,Valenciennes,0,0,,,,1.92,3.49,5,2,,,,,,,,,,,,,,,,22/01/16,,,,,,,1.86,,3.3,,4.22
Metz,Creteil,2,1,,,,1.77,3.71,5.41,1,,,,,,,,,,,,,,,,22/01/16,,,,,,,1.71,,3.49,,4.84
Nancy,Nimes,3,4,,,,1.46,4.48,9.34,3,,,,,,,,,,,,,,,,22/01/16,,,,,,,1.41,,4.17,,7.81
ParisFC,Sochaux,0,0,,,,4,3.15,2.3,2,,,,,,,,,,,,,,,,22/01/16,,,,,,,3.52,,3,,2.17
Lens,Dijon,1,1,,,,2.75,3.14,3,2,,,,,,,,,,,,,,,,23/01/16,,,,,,,2.56,,2.99,,2.81
Niort,ETG,0,3,,,,2.05,3.3,4.5,3,,,,,,,,,,,,,,,,23/01/16,,,,,,,1.98,,3.1,,4
RedStar,Laval,2,0,,,,2.25,3.11,3.97,1,,,,,,,,,,,,,,,,23/01/16,,,,,,,2.17,,2.96,,3.57
Ajaccio,Brest,2,1,,,,2.25,3.1,3.97,1,,,,,,,,,,,,,,,,25/01/16,,,,,,,2.15,,2.95,,3.63
Clermont,LeHavre,2,1,,,,2.35,3.19,3.56,1,,,,,,,,,,,,,,,,25/01/16,,,,,,,2.24,,3.03,,3.29
Brest,ParisFC,1,0,,,,1.92,3.35,5.5,1,,,,,,,,,,,,,,,,29/01/16,,,,,,,1.82,,3.12,,4.87
Creteil,Dijon,0,1,,,,4.78,3.6,2,3,,,,,,,,,,,,,,,,29/01/16,,,,,,,4.28,,3.4,,1.82
ETG,Metz,0,1,,,,2.64,3.11,3.12,3,,,,,,,,,,,,,,,,29/01/16,,,,,,,2.49,,2.96,,2.96
Laval,Niort,0,0,,,,2.56,3.1,3.29,2,,,,,,,,,,,,,,,,29/01/16,,,,,,,2.44,,2.96,,3.03
Nancy,Clermont,3,1,,,,1.73,3.87,5.9,1,,,,,,,,,,,,,,,,29/01/16,,,,,,,1.63,,3.64,,5.3
Nimes,Auxerre,2,1,,,,2.3,3.48,4.2,1,,,,,,,,,,,,,,,,29/01/16,,,,,,,2.09,,3.26,,3.43
Sochaux,BourgPeronnas,1,1,,,,2.16,3.34,4.07,2,,,,,,,,,,,,,,,,29/01/16,,,,,,,2.03,,3.16,,3.75
Tours,Ajaccio,1,1,,,,2.2,3.11,4.03,2,,,,,,,,,,,,,,,,29/01/16,,,,,,,2.13,,2.96,,3.69
Valenciennes,RedStar,0,0,,,,3.44,3.05,2.6,2,,,,,,,,,,,,,,,,29/01/16,,,,,,,3.14,,2.89,,2.42
LeHavre,Lens,2,0,,,,2.62,3.11,3.11,1,,,,,,,,,,,,,,,,30/01/16,,,,,,,2.51,,2.96,,2.91
ParisFC,Clermont,0,0,,,,3.88,3.17,2.25,2,,,,,,,,,,,,,,,,01/02/16,,,,,,,3.5,,3.02,,2.17
Ajaccio,Nimes,2,0,,,,2.28,3.32,3.55,1,,,,,,,,,,,,,,,,02/02/16,,,,,,,2.17,,3.14,,3.33
Auxerre,ETG,3,1,,,,2.15,3.25,4.07,1,,,,,,,,,,,,,,,,02/02/16,,,,,,,2.06,,3.11,,3.69
BourgPeronnas,Tours,0,2,,,,2.6,3.2,3.13,3,,,,,,,,,,,,,,,,02/02/16,,,,,,,2.46,,3.03,,2.92
Creteil,Sochaux,1,1,,,,3.25,3.11,2.57,2,,,,,,,,,,,,,,,,02/02/16,,,,,,,2.98,,3.02,,2.42
Dijon,Valenciennes,1,0,,,,1.44,4.55,10.34,1,,,,,,,,,,,,,,,,02/02/16,,,,,,,1.39,,4.21,,8.39
Lens,Brest,2,0,,,,1.88,3.3,5.42,1,,,,,,,,,,,,,,,,02/02/16,,,,,,,1.82,,3.12,,4.78
Metz,Laval,1,0,,,,1.89,3.41,5.18,1,,,,,,,,,,,,,,,,02/02/16,,,,,,,1.82,,3.25,,4.59
Niort,Nancy,0,0,,,,3.77,3.1,2.35,2,,,,,,,,,,,,,,,,02/02/16,,,,,,,3.47,,3.02,,2.18
RedStar,LeHavre,2,1,,,,2.5,3.05,3.6,1,,,,,,,,,,,,,,,,02/02/16,,,,,,,2.36,,2.93,,3.22
Brest,BourgPeronnas,2,1,,,,2.1,3.2,4.33,1,,,,,,,,,,,,,,,,05/02/16,,,,,,,2.03,,3.08,,3.84
Clermont,Auxerre,1,2,,,,2.02,3.41,4.37,3,,,,,,,,,,,,,,,,05/02/16,,,,,,,1.94,,3.22,,3.97
ETG,ParisFC,1,0,,,,2.02,3.22,4.88,1,,,,,,,,,,,,,,,,05/02/16,,,,,,,1.94,,3.06,,4.23
Laval,Ajaccio,0,0,,,,2.63,2.95,3.37,2,,,,,,,,,,,,,,,,05/02/16,,,,,,,2.5,,2.8,,3.12
Nancy,Metz,2,2,,,,1.7,3.64,7,2,,,,,,,,,,,,,,,,05/02/16,,,,,,,1.63,,3.43,,5.8
Nimes,Niort,1,0,,,,2.2,3.42,3.81,1,,,,,,,,,,,,,,,,05/02/16,,,,,,,2.08,,3.24,,3.47
Sochaux,RedStar,1,2,,,,2.33,3,3.97,3,,,,,,,,,,,,,,,,05/02/16,,,,,,,2.22,,2.87,,3.59
Tours,Lens,0,1,,,,2.4,3.03,3.6,3,,,,,,,,,,,,,,,,05/02/16,,,,,,,2.31,,2.93,,3.28
Valenciennes,Creteil,2,2,,,,2.26,3.13,3.88,2,,,,,,,,,,,,,,,,05/02/16,,,,,,,2.17,,3,,3.51
LeHavre,Dijon,0,2,,,,2.86,3.15,2.89,3,,,,,,,,,,,,,,,,08/02/16,,,,,,,2.71,,2.93,,2.7
Ajaccio,Clermont,3,1,,,,2.43,3.07,3.52,1,,,,,,,,,,,,,,,,12/02/16,,,,,,,2.31,,2.97,,3.25
Auxerre,Nancy,2,2,,,,3.51,3.14,2.41,2,,,,,,,,,,,,,,,,12/02/16,,,,,,,3.22,,3.01,,2.3
BourgPeronnas,Laval,0,0,,,,2.24,3.2,4.02,2,,,,,,,,,,,,,,,,12/02/16,,,,,,,2.15,,2.99,,3.59
Creteil,Tours,2,2,,,,3.42,3.17,2.5,2,,,,,,,,,,,,,,,,12/02/16,,,,,,,3.13,,3.04,,2.33
Dijon,Sochaux,2,2,,,,1.75,3.62,5.75,2,,,,,,,,,,,,,,,,12/02/16,,,,,,,1.71,,3.39,,5.09
Niort,Brest,1,2,,,,2.21,3.07,4.26,3,,,,,,,,,,,,,,,,12/02/16,,,,,,,2.12,,2.94,,3.77
ParisFC,Nimes,0,0,,,,3.05,3.12,2.72,2,,,,,,,,,,,,,,,,12/02/16,,,,,,,2.83,,3,,2.55
RedStar,ETG,2,2,,,,1.92,3.3,5.34,2,,,,,,,,,,,,,,,,12/02/16,,,,,,,1.85,,3.12,,4.65
Metz,LeHavre,0,1,,,,2.12,3.25,4.12,3,,,,,,,,,,,,,,,,13/02/16,,,,,,,2.05,,3.11,,3.71
Lens,Valenciennes,0,1,,,,1.62,3.74,7.75,3,,,,,,,,,,,,,,,,15/02/16,,,,,,,1.57,,3.52,,6.38
Auxerre,Ajaccio,0,0,,,,2.35,3.13,3.74,2,,,,,,,,,,,,,,,,19/02/16,,,,,,,2.26,,2.97,,3.37
Brest,RedStar,0,1,,,,2.38,3,3.85,3,,,,,,,,,,,,,,,,19/02/16,,,,,,,2.26,,2.87,,3.52
Clermont,Niort,2,1,,,,2.08,3.32,4.44,1,,,,,,,,,,,,,,,,19/02/16,,,,,,,2,,3.13,,3.92
ETG,BourgPeronnas,1,1,,,,2.33,3.34,3.8,2,,,,,,,,,,,,,,,,19/02/16,,,,,,,2.18,,3.1,,3.42
Laval,Dijon,2,2,,,,4.13,3,2.3,2,,,,,,,,,,,,,,,,19/02/16,,,,,,,3.54,,2.93,,2.22
Nancy,ParisFC,3,2,,,,1.45,4.5,11,1,,,,,,,,,,,,,,,,19/02/16,,,,,,,1.38,,4.19,,8.84
Sochaux,Lens,0,0,,,,2.41,3.07,3.64,2,,,,,,,,,,,,,,,,19/02/16,,,,,,,2.31,,2.91,,3.33
Tours,Valenciennes,1,0,,,,1.78,3.48,5.82,1,,,,,,,,,,,,,,,,19/02/16,,,,,,,1.72,,3.28,,5.27
LeHavre,Creteil,1,0,,,,1.64,3.86,7,1,,,,,,,,,,,,,,,,20/02/16,,,,,,,1.57,,3.6,,6.1
Nimes,Metz,2,1,,,,2.52,3.29,3.2,1,,,,,,,,,,,,,,,,22/02/16,,,,,,,2.38,,3.08,,3
Ajaccio,Nancy,2,1,,,,3.72,3.13,2.4,1,,,,,,,,,,,,,,,,26/02/16,,,,,,,3.42,,3,,2.21
BourgPeronnas,Clermont,1,2,,,,2.53,3.26,3.13,3,,,,,,,,,,,,,,,,26/02/16,,,,,,,2.38,,3.14,,2.96
Creteil,Laval,0,0,,,,2.68,3.16,3,2,,,,,,,,,,,,,,,,26/02/16,,,,,,,2.55,,3.02,,2.83
Dijon,Tours,3,0,,,,1.8,3.5,5.6,1,,,,,,,,,,,,,,,,26/02/16,,,,,,,1.74,,3.32,,5.03
Metz,Brest,2,2,,,,2.15,3.15,4.4,2,,,,,,,,,,,,,,,,26/02/16,,,,,,,2.04,,3,,3.95
Niort,LeHavre,0,0,,,,2.59,3.06,3.25,2,,,,,,,,,,,,,,,,26/02/16,,,,,,,2.42,,2.96,,3.05
ParisFC,Auxerre,2,2,,,,3.47,3.1,2.45,2,,,,,,,,,,,,,,,,26/02/16,,,,,,,3.16,,2.94,,2.38
Valenciennes,Sochaux,2,2,,,,3.24,2.97,2.69,2,,,,,,,,,,,,,,,,26/02/16,,,,,,,2.98,,2.85,,2.55
RedStar,Nimes,1,0,,,,2.22,3.2,3.83,1,,,,,,,,,,,,,,,,27/02/16,,,,,,,2.13,,3.08,,3.5
Lens,ETG,1,0,,,,1.87,3.33,5.22,1,,,,,,,,,,,,,,,,29/02/16,,,,,,,1.81,,3.2,,4.68
Ajaccio,ParisFC,0,0,,,,1.87,3.5,5.6,2,,,,,,,,,,,,,,,,04/03/16,,,,,,,1.79,,3.23,,4.84
Auxerre,Niort,1,1,,,,2.22,3.2,3.84,2,,,,,,,,,,,,,,,,04/03/16,,,,,,,2.14,,3.06,,3.52
Brest,Creteil,2,1,,,,2,3.4,4.64,1,,,,,,,,,,,,,,,,04/03/16,,,,,,,1.91,,3.2,,4.19
ETG,Dijon,1,2,,,,3.75,3.27,2.3,3,,,,,,,,,,,,,,,,04/03/16,,,,,,,3.34,,3.09,,2.21
Laval,Lens,1,1,,,,3.3,2.96,2.65,2,,,,,,,,,,,,,,,,04/03/16,,,,,,,3.04,,2.87,,2.5
LeHavre,Valenciennes,3,2,,,,1.66,3.69,7.5,1,,,,,,,,,,,,,,,,04/03/16,,,,,,,1.59,,3.49,,6.26
Nimes,BourgPeronnas,1,1,,,,2,3.61,4.33,2,,,,,,,,,,,,,,,,04/03/16,,,,,,,1.91,,3.39,,3.9
Nancy,RedStar,2,0,,,,1.75,3.5,6.2,1,,,,,,,,,,,,,,,,05/03/16,,,,,,,1.68,,3.37,,5.47
Tours,Sochaux,1,0,,,,2.26,3.03,3.96,1,,,,,,,,,,,,,,,,05/03/16,,,,,,,2.18,,2.94,,3.59
Clermont,Metz,2,1,,,,2.22,3.3,3.75,1,,,,,,,,,,,,,,,,07/03/16,,,,,,,2.15,,3.1,,3.44
BourgPeronnas,Nancy,2,0,,,,4.3,3.4,2.11,1,,,,,,,,,,,,,,,,11/03/16,,,,,,,3.87,,3.17,,1.99
Creteil,ETG,0,0,,,,2.4,3.22,3.44,2,,,,,,,,,,,,,,,,11/03/16,,,,,,,2.3,,3.04,,3.18
Lens,Clermont,1,1,,,,2.13,3.28,4.16,2,,,,,,,,,,,,,,,,11/03/16,,,,,,,2.06,,3.13,,3.68
Metz,Ajaccio,3,2,,,,2.2,3.14,4.13,1,,,,,,,,,,,,,,,,11/03/16,,,,,,,2.1,,3,,3.72
Niort,ParisFC,2,1,,,,2.16,3.2,4.4,1,,,,,,,,,,,,,,,,11/03/16,,,,,,,2.05,,3.03,,3.85
Sochaux,LeHavre,1,0,,,,2.34,3.24,3.8,1,,,,,,,,,,,,,,,,11/03/16,,,,,,,2.19,,3.06,,3.41
Tours,Laval,1,1,,,,1.9,3.4,5.55,2,,,,,,,,,,,,,,,,11/03/16,,,,,,,1.84,,3.04,,4.9
Valenciennes,Brest,0,1,,,,3,2.99,2.9,3,,,,,,,,,,,,,,,,11/03/16,,,,,,,2.77,,2.89,,2.69
Dijon,Nimes,0,1,,,,1.7,3.75,6.5,3,,,,,,,,,,,,,,,,12/03/16,,,,,,,1.63,,3.59,,5.32
RedStar,Auxerre,0,2,,,,2.14,3.2,4.2,3,,,,,,,,,,,,,,,,14/03/16,,,,,,,2.06,,3.07,,3.74
Ajaccio,Niort,2,0,,,,2.22,3.1,4.12,1,,,,,,,,,,,,,,,,18/03/16,,,,,,,2.11,,3,,3.69
Auxerre,BourgPeronnas,1,2,,,,2.1,3.42,4.19,3,,,,,,,,,,,,,,,,18/03/16,,,,,,,2.01,,3.24,,3.7
Brest,Dijon,0,0,,,,4.43,3.11,2.2,2,,,,,,,,,,,,,,,,18/03/16,,,,,,,3.92,,3,,2.04
ETG,Sochaux,0,0,,,,3,3,2.9,2,,,,,,,,,,,,,,,,18/03/16,,,,,,,2.77,,2.83,,2.75
Laval,Valenciennes,0,3,,,,2.2,3.13,4.46,3,,,,,,,,,,,,,,,,18/03/16,,,,,,,2.06,,3,,3.86
LeHavre,Tours,2,0,,,,2.08,3.3,4.56,1,,,,,,,,,,,,,,,,18/03/16,,,,,,,2.01,,3.03,,3.98
Nimes,Creteil,1,3,,,,2.16,3.45,3.73,3,,,,,,,,,,,,,,,,18/03/16,,,,,,,2.07,,3.29,,3.45
ParisFC,Metz,1,2,,,,3.1,3.2,2.77,3,,,,,,,,,,,,,,,,18/03/16,,,,,,,2.81,,2.97,,2.59
Nancy,Lens,1,0,,,,1.85,3.47,5.28,1,,,,,,,,,,,,,,,,19/03/16,,,,,,,1.77,,3.33,,4.63
Clermont,RedStar,0,2,,,,2.2,3.2,4,3,,,,,,,,,,,,,,,,21/03/16,,,,,,,2.06,,3.09,,3.67
BourgPeronnas,Ajaccio,3,0,,,,2.69,3.1,3.4,1,,,,,,,,,,,,,,,,01/04/16,,,,,,,2.49,,2.95,,2.96
Creteil,Clermont,0,3,,,,2.69,3.25,3,3,,,,,,,,,,,,,,,,01/04/16,,,,,,,2.5,,3.12,,2.78
LeHavre,Laval,2,0,,,,1.79,3.5,6.4,1,,,,,,,,,,,,,,,,01/04/16,,,,,,,1.7,,3.3,,5.37
Lens,Auxerre,3,0,,,,2.1,3.25,4.5,1,,,,,,,,,,,,,,,,01/04/16,,,,,,,2,,3.1,,3.9
Metz,Niort,2,0,,,,2,3.3,4.97,1,,,,,,,,,,,,,,,,01/04/16,,,,,,,1.92,,3.14,,4.17
Sochaux,Nimes,0,0,,,,1.9,3.32,5.39,2,,,,,,,,,,,,,,,,01/04/16,,,,,,,1.81,,3.21,,4.64
Tours,Brest,2,1,,,,2.3,3.2,4.11,1,,,,,,,,,,,,,,,,01/04/16,,,,,,,2.14,,2.96,,3.65
Valenciennes,ETG,1,0,,,,2.46,3.1,3.53,1,,,,,,,,,,,,,,,,01/04/16,,,,,,,2.33,,2.94,,3.24
Dijon,Nancy,0,0,,,,2.52,3.05,3.34,2,,,,,,,,,,,,,,,,02/04/16,,,,,,,2.35,,2.96,,3.15
RedStar,ParisFC,2,4,,,,1.7,3.6,6.55,3,,,,,,,,,,,,,,,,04/04/16,,,,,,,1.63,,3.43,,5.7
Ajaccio,RedStar,1,2,,,,2.32,3,3.89,3,,,,,,,,,,,,,,,,08/04/16,,,,,,,2.22,,2.9,,3.48
Auxerre,Metz,4,0,,,,2.65,3.23,3,1,,,,,,,,,,,,,,,,08/04/16,,,,,,,2.48,,3.06,,2.83
Brest,LeHavre,0,0,,,,2.67,3.05,3.2,2,,,,,,,,,,,,,,,,08/04/16,,,,,,,2.47,,2.95,,2.96
ETG,Tours,0,0,,,,2.59,3,3.4,2,,,,,,,,,,,,,,,,08/04/16,,,,,,,2.43,,2.89,,3.08
Laval,Sochaux,1,2,,,,3.26,3,2.67,3,,,,,,,,,,,,,,,,08/04/16,,,,,,,3.02,,2.83,,2.5
Nimes,Valenciennes,2,0,,,,2.2,3.33,4.2,1,,,,,,,,,,,,,,,,08/04/16,,,,,,,2.03,,3.16,,3.68
Niort,Lens,0,1,,,,2.77,3.1,2.99,3,,,,,,,,,,,,,,,,08/04/16,,,,,,,2.61,,2.93,,2.8
ParisFC,BourgPeronnas,2,0,,,,2.3,3.3,3.5,1,,,,,,,,,,,,,,,,08/04/16,,,,,,,2.22,,3.1,,3.25
Clermont,Dijon,2,3,,,,3.2,3.07,2.58,3,,,,,,,,,,,,,,,,09/04/16,,,,,,,3,,2.97,,2.43
Nancy,Creteil,1,0,,,,1.5,4.52,7.75,1,,,,,,,,,,,,,,,,11/04/16,,,,,,,1.45,,4.14,,6.63
BourgPeronnas,Metz,0,3,,,,2.85,3.31,2.84,3,,,,,,,,,,,,,,,,15/04/16,,,,,,,2.64,,3.1,,2.64
Creteil,Auxerre,1,0,,,,2.56,3.33,3.12,1,,,,,,,,,,,,,,,,15/04/16,,,,,,,2.41,,3.13,,2.91
Laval,ETG,2,1,,,,2.54,3,3.65,1,,,,,,,,,,,,,,,,15/04/16,,,,,,,2.4,,2.8,,3.29
Lens,Ajaccio,2,0,,,,1.94,3.35,5.1,1,,,,,,,,,,,,,,,,15/04/16,,,,,,,1.85,,3.17,,4.5
RedStar,Niort,0,2,,,,2.07,3.3,4.51,3,,,,,,,,,,,,,,,,15/04/16,,,,,,,1.99,,3.08,,3.98
Sochaux,Brest,2,1,,,,1.82,3.5,6.01,1,,,,,,,,,,,,,,,,15/04/16,,,,,,,1.75,,3.2,,5.12
Tours,Nimes,1,2,,,,2.43,3.11,3.75,3,,,,,,,,,,,,,,,,15/04/16,,,,,,,2.3,,3,,3.23
Valenciennes,Clermont,1,2,,,,3.16,3.17,2.61,3,,,,,,,,,,,,,,,,15/04/16,,,,,,,2.91,,3.01,,2.48
LeHavre,Nancy,1,3,,,,3.02,3.1,2.76,3,,,,,,,,,,,,,,,,16/04/16,,,,,,,2.79,,2.94,,2.63
Dijon,ParisFC,3,0,,,,1.6,4.2,7.51,1,,,,,,,,,,,,,,,,18/04/16,,,,,,,1.5,,3.82,,6.51
Ajaccio,Valenciennes,1,1,,,,1.9,3.43,5.8,2,,,,,,,,,,,,,,,,22/04/16,,,,,,,1.76,,3.27,,4.92
Brest,Laval,0,0,,,,2.28,3.1,3.94,2,,,,,,,,,,,,,,,,22/04/16,,,,,,,2.17,,2.98,,3.57
Clermont,Tours,0,1,,,,1.8,3.78,5.75,3,,,,,,,,,,,,,,,,22/04/16,,,,,,,1.71,,3.54,,4.78
ETG,LeHavre,1,1,,,,2.7,3.25,3.35,2,,,,,,,,,,,,,,,,22/04/16,,,,,,,2.46,,3,,2.96
Metz,RedStar,2,0,,,,2.1,3.35,4.49,1,,,,,,,,,,,,,,,,22/04/16,,,,,,,1.95,,3.22,,3.95
Nimes,Lens,4,2,,,,2.7,3.25,2.98,1,,,,,,,,,,,,,,,,22/04/16,,,,,,,2.55,,3.06,,2.78
Niort,BourgPeronnas,0,0,,,,1.95,3.5,4.82,2,,,,,,,,,,,,,,,,22/04/16,,,,,,,1.85,,3.32,,4.26
ParisFC,Creteil,2,2,,,,2.24,3.44,3.56,2,,,,,,,,,,,,,,,,22/04/16,,,,,,,2.14,,3.27,,3.29
Auxerre,Dijon,2,0,,,,3.87,3.37,2.2,1,,,,,,,,,,,,,,,,23/04/16,,,,,,,3.48,,3.23,,2.07
Nancy,Sochaux,1,0,,,,1.68,3.78,6.23,1,,,,,,,,,,,,,,,,25/04/16,,,,,,,1.63,,3.52,,5.56
Brest,ETG,0,2,,,,2.6,3.1,3.3,3,,,,,,,,,,,,,,,,29/04/16,,,,,,,2.44,,2.96,,3.02
Creteil,Ajaccio,2,2,,,,1.85,3.81,5.27,2,,,,,,,,,,,,,,,,29/04/16,,,,,,,1.71,,3.6,,4.67
Laval,Clermont,1,1,,,,2.76,3.2,2.94,2,,,,,,,,,,,,,,,,29/04/16,,,,,,,2.61,,3.05,,2.73
LeHavre,Nimes,3,1,,,,1.71,3.86,6.01,1,,,,,,,,,,,,,,,,29/04/16,,,,,,,1.66,,3.61,,5.08
Lens,ParisFC,0,1,,,,1.54,4.23,7.5,3,,,,,,,,,,,,,,,,29/04/16,,,,,,,1.49,,3.93,,6.53
RedStar,BourgPeronnas,1,0,,,,1.83,3.54,5.25,1,,,,,,,,,,,,,,,,29/04/16,,,,,,,1.77,,3.41,,4.61
Sochaux,Auxerre,2,3,,,,1.72,3.7,6.26,3,,,,,,,,,,,,,,,,29/04/16,,,,,,,1.67,,3.48,,5.29
Tours,Niort,1,2,,,,2.84,3.19,2.8,3,,,,,,,,,,,,,,,,29/04/16,,,,,,,2.65,,3.02,,2.7
Dijon,Metz,0,4,,,,2.2,3.4,4,3,,,,,,,,,,,,,,,,01/05/16,,,,,,,2.08,,3.2,,3.5
Valenciennes,Nancy,1,0,,,,3.9,3.2,2.4,1,,,,,,,,,,,,,,,,02/05/16,,,,,,,3.43,,3.07,,2.17
Ajaccio,Sochaux,0,2,,,,4.1,3.26,2.18,3,,,,,,,,,,,,,,,,06/05/16,,,,,,,3.6,,3.11,,2.09
Auxerre,LeHavre,1,3,,,,3.05,3.37,2.53,3,,,,,,,,,,,,,,,,06/05/16,,,,,,,2.91,,3.19,,2.38
BourgPeronnas,Lens,2,1,,,,2.45,3.4,3.27,1,,,,,,,,,,,,,,,,06/05/16,,,,,,,2.32,,3.2,,3.01
Clermont,Brest,2,0,,,,1.91,3.75,4.75,1,,,,,,,,,,,,,,,,06/05/16,,,,,,,1.81,,3.49,,4.22
Metz,Tours,2,1,,,,1.4,4.84,11,1,,,,,,,,,,,,,,,,06/05/16,,,,,,,1.35,,4.47,,9.03
Nancy,ETG,1,0,,,,1.7,4.01,6.64,1,,,,,,,,,,,,,,,,06/05/16,,,,,,,1.57,,3.71,,5.94
Nimes,Laval,1,1,,,,2.4,3.25,3.49,2,,,,,,,,,,,,,,,,06/05/16,,,,,,,2.27,,3.06,,3.23
Niort,Creteil,4,2,,,,2.1,3.51,4.01,1,,,,,,,,,,,,,,,,06/05/16,,,,,,,1.99,,3.31,,3.7
ParisFC,Valenciennes,1,4,,,,2.6,3.21,3.29,3,,,,,,,,,,,,,,,,06/05/16,,,,,,,2.36,,3.08,,3.06
RedStar,Dijon,3,2,,,,2.86,3.32,2.85,1,,,,,,,,,,,,,,,,06/05/16,,,,,,,2.65,,3.11,,2.65
Brest,Auxerre,0,0,,,,2.1,3.7,4.2,2,,,,,,,,,,,,,,,,13/05/16,,,,,,,1.97,,3.38,,3.66
Creteil,RedStar,2,4,,,,2.8,3.4,2.75,3,,,,,,,,,,,,,,,,13/05/16,,,,,,,2.62,,3.21,,2.61
Dijon,Ajaccio,2,0,,,,1.6,4.44,6.6,1,,,,,,,,,,,,,,,,13/05/16,,,,,,,1.53,,4.03,,5.79
ETG,Nimes,4,1,,,,1.71,3.96,5.52,1,,,,,,,,,,,,,,,,13/05/16,,,,,,,1.66,,3.66,,5.05
Laval,ParisFC,3,1,,,,1.95,3.66,4.3,1,,,,,,,,,,,,,,,,13/05/16,,,,,,,1.9,,3.45,,3.87
LeHavre,BourgPeronnas,5,0,,,,1.55,4.64,7,1,,,,,,,,,,,,,,,,13/05/16,,,,,,,1.49,,4.23,,6.01
Lens,Metz,1,0,,,,3,3.31,2.89,1,,,,,,,,,,,,,,,,13/05/16,,,,,,,2.59,,3.12,,2.71
Sochaux,Clermont,2,0,,,,1.73,3.68,6.05,1,,,,,,,,,,,,,,,,13/05/16,,,,,,,1.67,,3.41,,5.44
Tours,Nancy,2,5,,,,3.46,3.35,2.32,3,,,,,,,,,,,,,,,,13/05/16,,,,,,,3.21,,3.2,,2.21
Valenciennes,Niort,3,3,,,,2.46,3.4,3.2,2,,,,,,,,,,,,,,,,13/05/16,,,,,,,2.34,,3.23,,2.95
